https://www.megapolys.com,24.12.2022,МЕ2032558,Радиатор алюминиевый ZOTMAN 500/80 10 секций (1150 Вт) 16 атм,3950,119,https://www.megapolys.com/catalog/otoplenie_vodosnabzhenie_i_ventilyatsiya/213226/,радиатор,алюминиевый,1150
https://www.megapolys.com,24.12.2022,МЕ087878,Радиатор алюминиевый VIVALDO 500/100  6 секций (1068 Вт) 16 атм,4134,74,https://www.megapolys.com/catalog/otoplenie_vodosnabzhenie_i_ventilyatsiya/193580/,радиатор,алюминиевый,1068
https://www.megapolys.com,24.12.2022,МЕ087879,Радиатор алюминиевый VIVALDO 500/100  8 секций (1424 Вт) 16 атм,5512,73,https://www.megapolys.com/catalog/otoplenie_vodosnabzhenie_i_ventilyatsiya/190202/,радиатор,алюминиевый,1424
https://www.megapolys.com,24.12.2022,МЕ098373,Радиатор алюминиевый ML-Company 500/96  8 секций (1120 Вт) 16 атм,4312,87,https://www.megapolys.com/catalog/otoplenie_vodosnabzhenie_i_ventilyatsiya/205974/,радиатор,алюминиевый,1120
https://www.megapolys.com,24.12.2022,МЕ2063390,Радиатор алюминиевый CALIDOR SUPER B4 500/100 10 секций (1909 Вт),9190,27,https://www.megapolys.com/catalog/otoplenie_vodosnabzhenie_i_ventilyatsiya/211417/,радиатор,алюминиевый,1909
https://www.megapolys.com,24.12.2022,МЕ098372,Радиатор алюминиевый ML-Company 500/96 10 секций (1400 Вт) 16 атм,5390,120,https://www.megapolys.com/catalog/otoplenie_vodosnabzhenie_i_ventilyatsiya/192828/,радиатор,алюминиевый,1400
https://www.megapolys.com,24.12.2022,МЕ087880,Радиатор алюминиевый VIVALDO 500/100 12 секций (2136 Вт) 16 атм,8268,49,https://www.megapolys.com/catalog/otoplenie_vodosnabzhenie_i_ventilyatsiya/203548/,радиатор,алюминиевый,2136
https://www.megapolys.com,24.12.2022,МЕ086362,Радиатор алюминиевый VIVALDO 350/85 10 секций (1310 Вт) 16 атм,6590,62,https://www.megapolys.com/catalog/otoplenie_vodosnabzhenie_i_ventilyatsiya/192935/,радиатор,алюминиевый,1310
https://www.megapolys.com,24.12.2022,МЕ167807,Радиатор алюминиевый VIVALDO 200/100 10 секций (860 Вт) 16 атм,5390,48,https://www.megapolys.com/catalog/otoplenie_vodosnabzhenie_i_ventilyatsiya/291075/,радиатор,алюминиевый,860
https://www.megapolys.com,24.12.2022,МЕ2063391,Радиатор алюминиевый CALIDOR SUPER B4 500/100  6 секций (1145 Вт),5514,22,https://www.megapolys.com/catalog/otoplenie_vodosnabzhenie_i_ventilyatsiya/211418/,радиатор,алюминиевый,1145
https://www.megapolys.com,24.12.2022,МЕ087876,Радиатор алюминиевый VIVALDO 500/100 10 секций (1780 Вт) 16 атм,6890,50,https://www.megapolys.com/catalog/otoplenie_vodosnabzhenie_i_ventilyatsiya/193729/,радиатор,алюминиевый,1780
https://www.megapolys.com,24.12.2022,МЕ087877,Радиатор алюминиевый VIVALDO 500/100  4 секции (712 Вт) 16 атм,2756,44,https://www.megapolys.com/catalog/otoplenie_vodosnabzhenie_i_ventilyatsiya/192971/,радиатор,алюминиевый,712
https://www.megapolys.com,24.12.2022,МЕ2129885,Радиатор биметаллический Royal Thermo BiLiner Silver Satin 500/87 -  8 секц. (1360 Вт),9840,10,https://www.megapolys.com/catalog/otoplenie_vodosnabzhenie_i_ventilyatsiya/412214/,радиатор,биметаллический,1360
https://www.megapolys.com,24.12.2022,МЕ2129883,Радиатор биметаллический Royal Thermo BiLiner Silver Satin 500/87 -  4 секц. (680 Вт),4920,7,https://www.megapolys.com/catalog/otoplenie_vodosnabzhenie_i_ventilyatsiya/412212/,радиатор,биметаллический,680
https://www.megapolys.com,24.12.2022,МЕ087885,Радиатор биметаллический VIVALDO 500/80  8 секций (1248 Вт) 24 атм,7112,95,https://www.megapolys.com/catalog/otoplenie_vodosnabzhenie_i_ventilyatsiya/203549/,радиатор,биметаллический,1248
https://www.megapolys.com,24.12.2022,МЕ2129887,Радиатор биметаллический Royal Thermo BiLiner Silver Satin 500/87 - 12 секц. (2040 Вт),14760,6,https://www.megapolys.com/catalog/otoplenie_vodosnabzhenie_i_ventilyatsiya/412216/,радиатор,биметаллический,2040
https://www.megapolys.com,24.12.2022,МЕ087883,Радиатор биметаллический VIVALDO 500/80  4 секции (624 Вт) 24 атм,3556,75,https://www.megapolys.com/catalog/otoplenie_vodosnabzhenie_i_ventilyatsiya/203550/,радиатор,биметаллический,624
https://www.megapolys.com,24.12.2022,МЕ2129891,Радиатор биметаллический Royal Thermo PianoForte Noir Sable 500/100 - 12 секц. (2268 Вт),20280,4,https://www.megapolys.com/catalog/otoplenie_vodosnabzhenie_i_ventilyatsiya/412220/,радиатор,биметаллический,2268
https://www.megapolys.com,24.12.2022,МЕ2129886,Радиатор биметаллический Royal Thermo BiLiner Silver Satin 500/87 - 10 секц. (1700 Вт),12300,14,https://www.megapolys.com/catalog/otoplenie_vodosnabzhenie_i_ventilyatsiya/412215/,радиатор,биметаллический,1700
https://www.megapolys.com,24.12.2022,МЕ2129881,Радиатор биметаллический Royal Thermo BiLiner Noir Sable 500/87 - 10 секц. (1700 Вт),12300,12,https://www.megapolys.com/catalog/otoplenie_vodosnabzhenie_i_ventilyatsiya/412210/,радиатор,биметаллический,1700
https://www.megapolys.com,24.12.2022,МЕ2129884,Радиатор биметаллический Royal Thermo BiLiner Silver Satin 500/87 -  6 секц. (1020 Вт),7380,11,https://www.megapolys.com/catalog/otoplenie_vodosnabzhenie_i_ventilyatsiya/412213/,радиатор,биметаллический,1020
https://www.megapolys.com,24.12.2022,МЕ2129882,Радиатор биметаллический Royal Thermo BiLiner Noir Sable 500/87 - 12 секц. (2040 Вт),14760,4,https://www.megapolys.com/catalog/otoplenie_vodosnabzhenie_i_ventilyatsiya/412211/,радиатор,биметаллический,2040
https://www.megapolys.com,24.12.2022,МЕ2129880,Радиатор биметаллический Royal Thermo BiLiner Noir Sable 500/87 -  8 секц. (1360 Вт),9840,15,https://www.megapolys.com/catalog/otoplenie_vodosnabzhenie_i_ventilyatsiya/412209/,радиатор,биметаллический,1360
https://www.megapolys.com,24.12.2022,МЕ135974,Радиатор биметаллический ML-Companу 500/80 10 секций (1340 Вт) 24атм,5990,149,https://www.megapolys.com/catalog/otoplenie_vodosnabzhenie_i_ventilyatsiya/192934/,радиатор,биметаллический,1340
https://www.megapolys.com,24.12.2022,МЕ2129890,Радиатор биметаллический Royal Thermo PianoForte Noir Sable 500/100 - 10 секц. (1890 Вт),16900,8,https://www.megapolys.com/catalog/otoplenie_vodosnabzhenie_i_ventilyatsiya/412219/,радиатор,биметаллический,1890
https://www.megapolys.com,24.12.2022,МЕ087884,Радиатор биметаллический VIVALDO 500/80  6 секций (936 Вт) 24 атм,5334,96,https://www.megapolys.com/catalog/otoplenie_vodosnabzhenie_i_ventilyatsiya/193819/,радиатор,биметаллический,936
https://www.megapolys.com,24.12.2022,МЕ2129878,Радиатор биметаллический Royal Thermo BiLiner Noir Sable 500/87 -  4 секц. (680 Вт),4920,7,https://www.megapolys.com/catalog/otoplenie_vodosnabzhenie_i_ventilyatsiya/412207/,радиатор,биметаллический,680
https://www.megapolys.com,24.12.2022,МЕ2129888,Радиатор биметаллический Royal Thermo PianoForte Noir Sable 500/100 -  6 секц. (1134 Вт),10140,8,https://www.megapolys.com/catalog/otoplenie_vodosnabzhenie_i_ventilyatsiya/412217/,радиатор,биметаллический,1134
https://www.megapolys.com,24.12.2022,МЕ135973,Радиатор биметаллический ML-Companу 500/80  8 секций (1072 Вт) 24атм,4792,105,https://www.megapolys.com/catalog/otoplenie_vodosnabzhenie_i_ventilyatsiya/203739/,радиатор,биметаллический,1072
https://www.megapolys.com,24.12.2022,МЕ2129879,Радиатор биметаллический Royal Thermo BiLiner Noir Sable 500/87 -  6 секц. (1020 Вт),7380,14,https://www.megapolys.com/catalog/otoplenie_vodosnabzhenie_i_ventilyatsiya/412208/,радиатор,биметаллический,1020
https://www.megapolys.com,24.12.2022,МЕ2111680,Радиатор биметаллический ALUSTAL 500/100 6 секций (1092 Вт),7674,25,https://www.megapolys.com/catalog/otoplenie_vodosnabzhenie_i_ventilyatsiya/183396/,радиатор,биметаллический,1092
https://www.megapolys.com,24.12.2022,МЕ2129889,Радиатор биметаллический Royal Thermo PianoForte Noir Sable 500/100 -  8 секц. (1512 Вт),13520,8,https://www.megapolys.com/catalog/otoplenie_vodosnabzhenie_i_ventilyatsiya/412218/,радиатор,биметаллический,1512
https://www.megapolys.com,24.12.2022,МЕ2080322,Радиатор стальной PERFEKT V11 500х 700 (818 Вт),4940,2,https://www.megapolys.com/catalog/otoplenie_vodosnabzhenie_i_ventilyatsiya/187820/,радиатор,стальной панельный,818
https://www.megapolys.com,24.12.2022,МЕ2126690,Радиатор стальной UNMAK V11 500х1100 (1188 Вт),5350,2,https://www.megapolys.com/catalog/otoplenie_vodosnabzhenie_i_ventilyatsiya/416937/,радиатор,стальной панельный,1188
https://www.megapolys.com,24.12.2022,МЕ2122187,Радиатор стальной Oasis Pro V11 300х 1000 (778 Вт),5290,3,https://www.megapolys.com/catalog/otoplenie_vodosnabzhenie_i_ventilyatsiya/405303/,радиатор,стальной панельный,778
https://www.megapolys.com,24.12.2022,МЕ2080347,Радиатор стальной PERFEKT V22 300х 600 (852 Вт),5700,8,https://www.megapolys.com/catalog/otoplenie_vodosnabzhenie_i_ventilyatsiya/187832/,радиатор,стальной панельный,852
https://www.megapolys.com,24.12.2022,МЕ2080286,Радиатор стальной PERFEKT V11 300х1000 (766 Вт),5350,11,https://www.megapolys.com/catalog/otoplenie_vodosnabzhenie_i_ventilyatsiya/187816/,радиатор,стальной панельный,766
https://www.megapolys.com,24.12.2022,МЕ2080332,Радиатор стальной PERFEKT V11 600х 400 (545 Вт),4400,6,https://www.megapolys.com/catalog/otoplenie_vodosnabzhenie_i_ventilyatsiya/187385/,радиатор,стальной панельный,545
https://www.megapolys.com,24.12.2022,МЕ2131404,Радиатор стальной UNMAK V22 600х1200 (3272 Вт),9080,11,https://www.megapolys.com/catalog/otoplenie_vodosnabzhenie_i_ventilyatsiya/416378/,радиатор,стальной панельный,3272
https://www.megapolys.com,24.12.2022,МЕ2080324,Радиатор стальной PERFEKT V11 500х 900 (1051 Вт),5410,3,https://www.megapolys.com/catalog/otoplenie_vodosnabzhenie_i_ventilyatsiya/187822/,радиатор,стальной панельный,1051
https://www.megapolys.com,24.12.2022,МЕ2131424,Радиатор стальной UNMAK V22 300х 800 (1085 Вт),5220,3,https://www.megapolys.com/catalog/otoplenie_vodosnabzhenie_i_ventilyatsiya/417692/,радиатор,стальной панельный,1085
https://www.megapolys.com,24.12.2022,МЕ2080333,Радиатор стальной PERFEKT V11 600х 500 (681 Вт),4550,5,https://www.megapolys.com/catalog/otoplenie_vodosnabzhenie_i_ventilyatsiya/187386/,радиатор,стальной панельный,681
https://www.megapolys.com,24.12.2022,МЕ2130279,Радиатор стальной UNMAK V22 500х 500 (1083 Вт),4690,26,https://www.megapolys.com/catalog/otoplenie_vodosnabzhenie_i_ventilyatsiya/416278/,радиатор,стальной панельный,1083
https://www.megapolys.com,24.12.2022,МЕ2080293,Радиатор стальной PERFEKT V11 500х 500 (584 Вт),4460,4,https://www.megapolys.com/catalog/otoplenie_vodosnabzhenie_i_ventilyatsiya/187818/,радиатор,стальной панельный,584
https://www.megapolys.com,24.12.2022,МЕ2080280,Радиатор стальной PERFEKT V11 300х 500 (383 Вт),4080,7,https://www.megapolys.com/catalog/otoplenie_vodosnabzhenie_i_ventilyatsiya/187813/,радиатор,стальной панельный,383
https://www.megapolys.com,24.12.2022,МЕ2080284,Радиатор стальной PERFEKT V11 300х 800 (612 Вт),4970,6,https://www.megapolys.com/catalog/otoplenie_vodosnabzhenie_i_ventilyatsiya/187815/,радиатор,стальной панельный,612
https://www.megapolys.com,24.12.2022,МЕ2131396,Радиатор стальной UNMAK V22 600х 400 (1091 Вт),4310,10,https://www.megapolys.com/catalog/otoplenie_vodosnabzhenie_i_ventilyatsiya/417690/,радиатор,стальной панельный,1091
https://www.megapolys.com,24.12.2022,МЕ2122194,Радиатор стальной Oasis Pro V22 300х1000 (1480 Вт),7520,3,https://www.megapolys.com/catalog/otoplenie_vodosnabzhenie_i_ventilyatsiya/405803/,радиатор,стальной панельный,1480
https://www.megapolys.com,24.12.2022,МЕ2122176,Радиатор стальной Oasis Pro V22 500х 400 (911 Вт),6420,9,https://www.megapolys.com/catalog/otoplenie_vodosnabzhenie_i_ventilyatsiya/405298/,радиатор,стальной панельный,911
https://www.megapolys.com,24.12.2022,МЕ2080348,Радиатор стальной PERFEKT V22 300х 700 (994 Вт),5990,12,https://www.megapolys.com/catalog/otoplenie_vodosnabzhenie_i_ventilyatsiya/187833/,радиатор,стальной панельный,994
https://www.megapolys.com,24.12.2022,МЕ2080358,Радиатор стальной PERFEKT V22 500х 400 (887 Вт),5590,10,https://www.megapolys.com/catalog/otoplenie_vodosnabzhenie_i_ventilyatsiya/187839/,радиатор,стальной панельный,887
https://www.megapolys.com,24.12.2022,МЕ2080350,Радиатор стальной PERFEKT V22 300х 800 (1136 Вт),6210,5,https://www.megapolys.com/catalog/otoplenie_vodosnabzhenie_i_ventilyatsiya/187834/,радиатор,стальной панельный,1136
https://www.megapolys.com,24.12.2022,МЕ2066089,Радиатор чугунный KONNER Модерн 500/96 10-СЕКЦ. (1280Вт) белый,17500,21,https://www.megapolys.com/catalog/otoplenie_vodosnabzhenie_i_ventilyatsiya/210004/,радиатор,чугунный,1280
https://www.megapolys.com,24.12.2022,МЕ2123846,Радиатор чугунный KONNER Модерн 300/92 10-СЕКЦ. (800Вт) белый,14900,6,https://www.megapolys.com/catalog/otoplenie_vodosnabzhenie_i_ventilyatsiya/415651/,радиатор,чугунный,800
https://www.megapolys.com,24.12.2022,МЕ2089362,Радиатор чугунный KONNER Модерн 500/96 7-СЕКЦ. (896Вт) белый,12250,20,https://www.megapolys.com/catalog/otoplenie_vodosnabzhenie_i_ventilyatsiya/375294/,радиатор,чугунный,896
https://www.megapolys.com,24.12.2022,МЕ2070325,Конвектор внутрипольный VK15-09/25/160 (450 Вт) + решетка алюминиевая,38990,3,https://www.megapolys.com/catalog/otoplenie_vodosnabzhenie_i_ventilyatsiya/184504/,конвектор,внутрипольный,450
https://www.megapolys.com,24.12.2022,МЕ2070323,Конвектор внутрипольный VK15-09/25/100 (242 Вт) + решетка алюминиевая,28990,5,https://www.megapolys.com/catalog/otoplenie_vodosnabzhenie_i_ventilyatsiya/184502/,конвектор,внутрипольный,242
https://www.megapolys.com,24.12.2022,МЕ2070322,Конвектор внутрипольный VK15-09/25/080 (173 Вт) + решетка алюминиевая,23990,3,https://www.megapolys.com/catalog/otoplenie_vodosnabzhenie_i_ventilyatsiya/184492/,конвектор,внутрипольный,173
https://www.megapolys.com,24.12.2022,МЕ2070324,Конвектор внутрипольный VK15-09/25/130 (346 Вт) + решетка алюминиевая,33990,2,https://www.megapolys.com/catalog/otoplenie_vodosnabzhenie_i_ventilyatsiya/184503/,конвектор,внутрипольный,346
https://www.megapolys.com,24.12.2022,МЕ087879,Радиатор алюминиевый VIVALDO 500/100  8 секций (1424 Вт) 16 атм,5512,73,https://www.megapolys.com/catalog/otoplenie_vodosnabzhenie_i_ventilyatsiya/190202/,радиатор,алюминиевый,1424
https://www.megapolys.com,24.12.2022,МЕ087876,Радиатор алюминиевый VIVALDO 500/100 10 секций (1780 Вт) 16 атм,6890,50,https://www.megapolys.com/catalog/otoplenie_vodosnabzhenie_i_ventilyatsiya/193729/,радиатор,алюминиевый,1780
https://www.megapolys.com,24.12.2022,МЕ098372,Радиатор алюминиевый ML-Company 500/96 10 секций (1400 Вт) 16 атм,5390,120,https://www.megapolys.com/catalog/otoplenie_vodosnabzhenie_i_ventilyatsiya/192828/,радиатор,алюминиевый,1400
https://www.megapolys.com,24.12.2022,МЕ087880,Радиатор алюминиевый VIVALDO 500/100 12 секций (2136 Вт) 16 атм,8268,49,https://www.megapolys.com/catalog/otoplenie_vodosnabzhenie_i_ventilyatsiya/203548/,радиатор,алюминиевый,2136
https://www.megapolys.com,24.12.2022,МЕ2063391,Радиатор алюминиевый CALIDOR SUPER B4 500/100  6 секций (1145 Вт),5514,22,https://www.megapolys.com/catalog/otoplenie_vodosnabzhenie_i_ventilyatsiya/211418/,радиатор,алюминиевый,1145
https://www.megapolys.com,24.12.2022,МЕ2032558,Радиатор алюминиевый ZOTMAN 500/80 10 секций (1150 Вт) 16 атм,3950,119,https://www.megapolys.com/catalog/otoplenie_vodosnabzhenie_i_ventilyatsiya/213226/,радиатор,алюминиевый,1150
https://www.megapolys.com,24.12.2022,МЕ086362,Радиатор алюминиевый VIVALDO 350/85 10 секций (1310 Вт) 16 атм,6590,62,https://www.megapolys.com/catalog/otoplenie_vodosnabzhenie_i_ventilyatsiya/192935/,радиатор,алюминиевый,1310
https://www.megapolys.com,24.12.2022,МЕ2063390,Радиатор алюминиевый CALIDOR SUPER B4 500/100 10 секций (1909 Вт),9190,27,https://www.megapolys.com/catalog/otoplenie_vodosnabzhenie_i_ventilyatsiya/211417/,радиатор,алюминиевый,1909
https://www.megapolys.com,24.12.2022,МЕ087877,Радиатор алюминиевый VIVALDO 500/100  4 секции (712 Вт) 16 атм,2756,44,https://www.megapolys.com/catalog/otoplenie_vodosnabzhenie_i_ventilyatsiya/192971/,радиатор,алюминиевый,712
https://www.megapolys.com,24.12.2022,МЕ087878,Радиатор алюминиевый VIVALDO 500/100  6 секций (1068 Вт) 16 атм,4134,74,https://www.megapolys.com/catalog/otoplenie_vodosnabzhenie_i_ventilyatsiya/193580/,радиатор,алюминиевый,1068
https://www.megapolys.com,24.12.2022,МЕ098373,Радиатор алюминиевый ML-Company 500/96  8 секций (1120 Вт) 16 атм,4312,87,https://www.megapolys.com/catalog/otoplenie_vodosnabzhenie_i_ventilyatsiya/205974/,радиатор,алюминиевый,1120
https://www.megapolys.com,24.12.2022,МЕ167807,Радиатор алюминиевый VIVALDO 200/100 10 секций (860 Вт) 16 атм,5390,48,https://www.megapolys.com/catalog/otoplenie_vodosnabzhenie_i_ventilyatsiya/291075/,радиатор,алюминиевый,860
