10.32-10.12.2022,СГ1796,Радиатор биметаллический Fondital ALUSTAL bi 500/100 (170 Вт) 10 секций,12990,79,https://www.konturterm.ru/catalog/otoplenie/radiatory/bimetallicheskie/55007/,радиатор,биметаллический,1700
10.32-10.12.2022,СГ1948,Радиатор биметаллический Konner 500/100 (135 Вт) 12 секций,10290,30,https://www.konturterm.ru/catalog/otoplenie/radiatory/bimetallicheskie/60450/,радиатор,биметаллический,1620
10.32-10.12.2022,СГ1915,Радиатор биметаллический Konner 500/80 (123 Вт) 12 секций,9290,96,https://www.konturterm.ru/catalog/otoplenie/radiatory/bimetallicheskie/54190/,радиатор,биметаллический,1476
10.32-10.12.2022,СГ1756,Радиатор биметаллический Konner 500/100 (135 Вт) 10 секций,8590,81,https://www.konturterm.ru/catalog/otoplenie/radiatory/bimetallicheskie/49325/,радиатор,биметаллический,1350
10.32-10.12.2022,СГ1794,Радиатор биметаллический Konner 200/100 (80 Вт) 12 секций,8290,4,https://www.konturterm.ru/catalog/otoplenie/radiatory/bimetallicheskie/54992/,радиатор,биметаллический,960
10.32-10.12.2022,СГ1940,Радиатор биметаллический Fondital ALUSTAL bi 500/100 (170 Вт) 6 секций,7790,20,https://www.konturterm.ru/catalog/otoplenie/radiatory/bimetallicheskie/51473/,радиатор,биметаллический,1020
10.32-10.12.2022,СГ1987,Радиатор биметаллический Konner 500/80 (123 Вт) 10 секций,7790,312,https://www.konturterm.ru/catalog/otoplenie/radiatory/bimetallicheskie/57240/,радиатор,биметаллический,1230
10.32-10.12.2022,СГ1793,Радиатор биметаллический Konner 200/100 (80 Вт) 10 секций,6990,9,https://www.konturterm.ru/catalog/otoplenie/radiatory/bimetallicheskie/59256/,радиатор,биметаллический,800
10.33-10.12.2022,СГ1917,Радиатор биметаллический Konner 500/100 (135 Вт) 8 секций,6890,20,https://www.konturterm.ru/catalog/otoplenie/radiatory/bimetallicheskie/54462/,радиатор,биметаллический,1080
10.33-10.12.2022,СГ1935,Радиатор биметаллический Konner 500/80 (123 Вт) 8 секций,6190,43,https://www.konturterm.ru/catalog/otoplenie/radiatory/bimetallicheskie/51356/,радиатор,биметаллический,984
10.33-10.12.2022,СГ1963,Радиатор биметаллический Konner 500/80 (123 Вт) 6 секций,4690,66,https://www.konturterm.ru/catalog/otoplenie/radiatory/bimetallicheskie/61060/,радиатор,биметаллический,738
10.33-10.12.2022,СГ5116,Радиатор PURMO стальной панельный CV-33 600х2600 мм (6126 Вт),40940,7,https://www.konturterm.ru/catalog/otoplenie/radiatory/panelnye/54421/,радиатор,стальной панельный,6126
10.33-10.12.2022,СГ5021,Радиатор PURMO стальной панельный CV-33 300х3000 мм (4041 Вт),31630,1,https://www.konturterm.ru/catalog/otoplenie/radiatory/panelnye/57162/,радиатор,стальной панельный,4041
10.33-10.12.2022,СГ4993,Радиатор PURMO стальной панельный CV-22 600х2000 мм (3418 Вт),23040,1,https://www.konturterm.ru/catalog/otoplenie/radiatory/panelnye/57161/,радиатор,стальной панельный,3418
10.33-10.12.2022,СГ4992,Радиатор PURMO стальной панельный CV-22 600х1800 мм (3076 Вт),21210,1,https://www.konturterm.ru/catalog/otoplenie/radiatory/panelnye/57160/,радиатор,стальной панельный,3076
10.33-10.12.2022,СГ4827,Радиатор PURMO стальной панельный C-22 900х1200 мм (2866 Вт),17530,5,https://www.konturterm.ru/catalog/otoplenie/radiatory/panelnye/139092/,радиатор,стальной панельный,2866
10.33-10.12.2022,СГ4826,Радиатор PURMO стальной панельный C-22 900х1000 мм (2388 Вт),15200,9,https://www.konturterm.ru/catalog/otoplenie/radiatory/panelnye/139091/,радиатор,стальной панельный,2388
10.33-10.12.2022,ТВ3806,Радиатор Borpan стальной панельный V-22 500х2000 мм (2860 Вт),14630,4,https://www.konturterm.ru/catalog/otoplenie/radiatory/panelnye/140607/,радиатор,стальной панельный,2860
10.33-10.12.2022,СГ4804,Радиатор PURMO стальной панельный C-22 500х1400 мм (2058 Вт),13610,5,https://www.konturterm.ru/catalog/otoplenie/radiatory/panelnye/57076/,радиатор,стальной панельный,2058
10.33-10.12.2022,СГ4943,Радиатор PURMO стальной панельный CV-22 300х1400 мм (1345 Вт),13510,1,https://www.konturterm.ru/catalog/otoplenie/radiatory/panelnye/57132/,радиатор,стальной панельный,1345
10.33-10.12.2022,ТВ3819,Радиатор Borpan стальной панельный V-22 600х1600 мм (2646 Вт),13426,1,https://www.konturterm.ru/catalog/otoplenie/radiatory/panelnye/140620/,радиатор,стальной панельный,2646
10.33-10.12.2022,ТВ3818,Радиатор Borpan стальной панельный V-22 600х1500 мм (2481 Вт),12760,10,https://www.konturterm.ru/catalog/otoplenie/radiatory/panelnye/140619/,радиатор,стальной панельный,2481
10.33-10.12.2022,СГ4777,Радиатор PURMO стальной панельный C-22 300х2000 мм (1922 Вт),12750,4,https://www.konturterm.ru/catalog/otoplenie/radiatory/panelnye/57065/,радиатор,стальной панельный,1922
10.33-10.12.2022,СГ4825,Радиатор PURMO стальной панельный C-22 900х 800 мм (1910 Вт),12630,4,https://www.konturterm.ru/catalog/otoplenie/radiatory/panelnye/57092/,радиатор,стальной панельный,1910
10.33-10.12.2022,СГ4802,Радиатор PURMO стальной панельный C-22 500х1100 мм (1617 Вт),12540,2,https://www.konturterm.ru/catalog/otoplenie/radiatory/panelnye/57074/,радиатор,стальной панельный,1617
10.33-10.12.2022,ТВ3920,Радиатор Borpan стальной панельный C-22 600х1600 мм (2646 Вт),12278,2,https://www.konturterm.ru/catalog/otoplenie/radiatory/panelnye/140644/,радиатор,стальной панельный,2646
10.33-10.12.2022,ТВ3817,Радиатор Borpan стальной панельный V-22 600х1400 мм (2316 Вт),12085,24,https://www.konturterm.ru/catalog/otoplenie/radiatory/panelnye/140618/,радиатор,стальной панельный,2316
10.33-10.12.2022,СГ4919,Радиатор PURMO стальной панельный CV-11 600х1600 мм (1629 Вт),11980,3,https://www.konturterm.ru/catalog/otoplenie/radiatory/panelnye/57124/,радиатор,стальной панельный,1629
10.33-10.12.2022,ТВ3802,Радиатор Borpan стальной панельный V-22 500х1400 мм (2002 Вт),11842,21,https://www.konturterm.ru/catalog/otoplenie/radiatory/panelnye/140604/,радиатор,стальной панельный,2002
10.33-10.12.2022,СГ4776,Радиатор PURMO стальной панельный C-22 300х1800 мм (1730 Вт),11770,4,https://www.konturterm.ru/catalog/otoplenie/radiatory/panelnye/57064/,радиатор,стальной панельный,1730
10.33-10.12.2022,ТВ3816,Радиатор Borpan стальной панельный V-22 600х1300 мм (2150 Вт),11422,6,https://www.konturterm.ru/catalog/otoplenie/radiatory/panelnye/140617/,радиатор,стальной панельный,2150
10.33-10.12.2022,СГ2182,Радиатор IDMAR стальной панельный V-22 600х1200 мм (1869 Вт),11241,1,https://www.konturterm.ru/catalog/otoplenie/radiatory/panelnye/132180/,радиатор,стальной панельный,1869
10.33-10.12.2022,ТВ3623,Радиатор Borpan стальной панельный V-11 600х2000 мм (1792 Вт),11060,1,https://www.konturterm.ru/catalog/otoplenie/radiatory/panelnye/140559/,радиатор,стальной панельный,1792
10.33-10.12.2022,СГ3871,Радиатор IDMAR стальной панельный V-22 500х1400 мм (1884 Вт),11032,1,https://www.konturterm.ru/catalog/otoplenie/radiatory/panelnye/132361/,радиатор,стальной панельный,1884
10.33-10.12.2022,ТВ3902,Радиатор Borpan стальной панельный C-22 500х1600 мм (2288 Вт),10998,4,https://www.konturterm.ru/catalog/otoplenie/radiatory/panelnye/140633/,радиатор,стальной панельный,2288
10.33-10.12.2022,ТВ3918,Радиатор Borpan стальной панельный C-22 600х1400 мм (2316 Вт),10937,10,https://www.konturterm.ru/catalog/otoplenie/radiatory/panelnye/140643/,радиатор,стальной панельный,2316
10.33-10.12.2022,СГ5619,Радиатор PURMO стальной панельный C-33 500х600 мм (1221 Вт),10910,2,https://www.konturterm.ru/catalog/otoplenie/radiatory/panelnye/61578/,радиатор,стальной панельный,1221
10.33-10.12.2022,СГ4800,Радиатор PURMO стальной панельный C-22 500х900 мм (1323 Вт),10850,1,https://www.konturterm.ru/catalog/otoplenie/radiatory/panelnye/57072/,радиатор,стальной панельный,1323
10.33-10.12.2022,ТВ3815,Радиатор Borpan стальной панельный V-22 600х1200 мм (1985 Вт),10749,54,https://www.konturterm.ru/catalog/otoplenie/radiatory/panelnye/140616/,радиатор,стальной панельный,1985
10.33-10.12.2022,СГ4775,Радиатор PURMO стальной панельный C-22 300х1600 мм (1538 Вт),10660,1,https://www.konturterm.ru/catalog/otoplenie/radiatory/panelnye/57063/,радиатор,стальной панельный,1538
10.33-10.12.2022,ТВ3765,Радиатор Borpan стальной панельный V-22 300х1600 мм (1514 Вт),10399,1,https://www.konturterm.ru/catalog/otoplenie/radiatory/panelnye/140592/,радиатор,стальной панельный,1514
10.34-10.12.2022,ТВ3622,Радиатор Borpan стальной панельный V-11 600х1800 мм (1613 Вт),10247,5,https://www.konturterm.ru/catalog/otoplenie/radiatory/panelnye/140558/,радиатор,стальной панельный,1613
10.34-10.12.2022,СГ5022,Радиатор PURMO стальной панельный CV-33 450х400 мм (748 Вт),10166,3,https://www.konturterm.ru/catalog/otoplenie/radiatory/panelnye/57163/,радиатор,стальной панельный,748
10.34-10.12.2022,ТВ3814,Радиатор Borpan стальной панельный V-22 600х1100 мм (1819 Вт),10077,39,https://www.konturterm.ru/catalog/otoplenie/radiatory/panelnye/140615/,радиатор,стальной панельный,1819
10.34-10.12.2022,СГ4940,Радиатор PURMO стальной панельный CV-22 300х800 мм (769 Вт),10060,7,https://www.konturterm.ru/catalog/otoplenie/radiatory/panelnye/57129/,радиатор,стальной панельный,769
10.34-10.12.2022,СГ4799,Радиатор PURMO стальной панельный C-22 500х800 мм (1176 Вт),9980,3,https://www.konturterm.ru/catalog/otoplenie/radiatory/panelnye/57071/,радиатор,стальной панельный,1176
10.34-10.12.2022,ТВ3608,Радиатор Borpan стальной панельный V-11 500х2000 мм (1534 Вт),9928,3,https://www.konturterm.ru/catalog/otoplenie/radiatory/panelnye/140756/,радиатор,стальной панельный,1534
10.34-10.12.2022,ТВ3798,Радиатор Borpan стальной панельный V-22 500х1100 мм (1573 Вт),9922,82,https://www.konturterm.ru/catalog/otoplenie/radiatory/panelnye/140602/,радиатор,стальной панельный,1573
10.34-10.12.2022,ТВ3900,Радиатор Borpan стальной панельный C-22 500х1400 мм (2002 Вт),9812,2,https://www.konturterm.ru/catalog/otoplenie/radiatory/panelnye/140632/,радиатор,стальной панельный,2002
10.34-10.12.2022,СГ4871,Радиатор PURMO стальной панельный CV-11 300х1600 мм (874 Вт),9810,1,https://www.konturterm.ru/catalog/otoplenie/radiatory/panelnye/57099/,радиатор,стальной панельный,874
10.34-10.12.2022,ТВ3800,Радиатор Borpan стальной панельный V-22 500х1200 мм (1716 Вт),9782,29,https://www.konturterm.ru/catalog/otoplenie/radiatory/panelnye/140603/,радиатор,стальной панельный,1716
10.34-10.12.2022,ТВ3915,Радиатор Borpan стальной панельный C-22 600х1100 мм (1819 Вт),9698,9,https://www.konturterm.ru/catalog/otoplenie/radiatory/panelnye/140641/,радиатор,стальной панельный,1819
10.34-10.12.2022,ТВ3916,Радиатор Borpan стальной панельный C-22 600х1200 мм (1985 Вт),9601,8,https://www.konturterm.ru/catalog/otoplenie/radiatory/panelnye/140642/,радиатор,стальной панельный,1985
10.34-10.12.2022,СГ4752,Радиатор PURMO стальной панельный C-11 600х1800 мм (1832 Вт),9560,7,https://www.konturterm.ru/catalog/otoplenie/radiatory/panelnye/57056/,радиатор,стальной панельный,1832
10.34-10.12.2022,СГ4761,Радиатор PURMO стальной панельный C-11 900х1200 мм (1712 Вт),9560,10,https://www.konturterm.ru/catalog/otoplenie/radiatory/panelnye/139090/,радиатор,стальной панельный,1712
10.34-10.12.2022,СГ4927,Радиатор PURMO стальной панельный CV-11 900х800 мм (1142 Вт),9560,7,https://www.konturterm.ru/catalog/otoplenie/radiatory/panelnye/139094/,радиатор,стальной панельный,1142
10.34-10.12.2022,СГ4902,Радиатор PURMO стальной панельный CV-11 500х1400 мм (1215 Вт),9520,7,https://www.konturterm.ru/catalog/otoplenie/radiatory/panelnye/57111/,радиатор,стальной панельный,1215
10.34-10.12.2022,ТВ3763,Радиатор Borpan стальной панельный V-22 300х1400 мм (1324 Вт),9462,11,https://www.konturterm.ru/catalog/otoplenie/radiatory/panelnye/140591/,радиатор,стальной панельный,1324
10.34-10.12.2022,ТВ3813,Радиатор Borpan стальной панельный V-22 600х1000 мм (1654 Вт),9452,69,https://www.konturterm.ru/catalog/otoplenie/radiatory/panelnye/140614/,радиатор,стальной панельный,1654
10.34-10.12.2022,СГ4740,Радиатор PURMO стальной панельный C-11 500х1800 мм (1562 Вт),9320,6,https://www.konturterm.ru/catalog/otoplenie/radiatory/panelnye/57044/,радиатор,стальной панельный,1562
10.34-10.12.2022,СГ4901,Радиатор PURMO стальной панельный CV-11 500х1200 мм (1042 Вт),9320,1,https://www.konturterm.ru/catalog/otoplenie/radiatory/panelnye/57110/,радиатор,стальной панельный,1042
10.34-10.12.2022,ТВ3621,Радиатор Borpan стальной панельный V-11 600х1600 мм (1434 Вт),9266,10,https://www.konturterm.ru/catalog/otoplenie/radiatory/panelnye/140557/,радиатор,стальной панельный,1434
10.34-10.12.2022,СГ4010,Радиатор PURMO стальной панельный CV-22 300х700 мм (673 Вт),9250,10,https://www.konturterm.ru/catalog/otoplenie/radiatory/panelnye/48893/,радиатор,стальной панельный,673
10.34-10.12.2022,ТВ3607,Радиатор Borpan стальной панельный V-11 500х1800 мм (1381 Вт),9221,3,https://www.konturterm.ru/catalog/otoplenie/radiatory/panelnye/140544/,радиатор,стальной панельный,1381
10.34-10.12.2022,СГ5646,Радиатор PURMO стальной панельный CV-21S 600х700 мм (938 Вт),9190,4,https://www.konturterm.ru/catalog/otoplenie/radiatory/panelnye/57249/,радиатор,стальной панельный,938
10.34-10.12.2022,ТВ3914,Радиатор Borpan стальной панельный C-22 600х1000 мм (1654 Вт),9019,10,https://www.konturterm.ru/catalog/otoplenie/radiatory/panelnye/140640/,радиатор,стальной панельный,1654
10.34-10.12.2022,ТВ3606,Радиатор Borpan стальной панельный V-11 500х1600 мм (1227 Вт),8989,13,https://www.konturterm.ru/catalog/otoplenie/radiatory/panelnye/140543/,радиатор,стальной панельный,1227
10.34-10.12.2022,СГ4870,Радиатор PURMO стальной панельный CV-11 300х1400 мм (764 Вт),8950,3,https://www.konturterm.ru/catalog/otoplenie/radiatory/panelnye/57098/,радиатор,стальной панельный,764
10.34-10.12.2022,СГ5373,Радиатор PURMO стальной панельный CV-11 900х700 мм (999 Вт),8890,3,https://www.konturterm.ru/catalog/otoplenie/radiatory/panelnye/134084/,радиатор,стальной панельный,999
10.34-10.12.2022,СГ4939,Радиатор PURMO стальной панельный CV-22 300х600 мм (577 Вт),8880,1,https://www.konturterm.ru/catalog/otoplenie/radiatory/panelnye/57128/,радиатор,стальной панельный,577
10.34-10.12.2022,ТВ3620,Радиатор Borpan стальной панельный V-11 600х1500 мм (1344 Вт),8854,2,https://www.konturterm.ru/catalog/otoplenie/radiatory/panelnye/140556/,радиатор,стальной панельный,1344
10.34-10.12.2022,СГ4914,Радиатор PURMO стальной панельный CV-11 600х900 мм (916 Вт),8840,6,https://www.konturterm.ru/catalog/otoplenie/radiatory/panelnye/57119/,радиатор,стальной панельный,916
10.34-10.12.2022,СГ4900,Радиатор PURMO стальной панельный CV-11 500х1100 мм (955 Вт ),8830,9,https://www.konturterm.ru/catalog/otoplenie/radiatory/panelnye/57109/,радиатор,стальной панельный,955
10.34-10.12.2022,ТВ3812,Радиатор Borpan стальной панельный V-22 600х900 мм (1489 Вт),8787,54,https://www.konturterm.ru/catalog/otoplenie/radiatory/panelnye/140613/,радиатор,стальной панельный,1489
10.34-10.12.2022,СГ4966,Радиатор PURMO стальной панельный CV-22 500х400 мм (588 Вт),8700,5,https://www.konturterm.ru/catalog/otoplenie/radiatory/panelnye/57136/,радиатор,стальной панельный,588
10.34-10.12.2022,ТВ3898,Радиатор Borpan стальной панельный C-22 500х1200 мм (1716 Вт),8634,10,https://www.konturterm.ru/catalog/otoplenie/radiatory/panelnye/140631/,радиатор,стальной панельный,1716
10.35-10.12.2022,ТВ3797,Радиатор Borpan стальной панельный V-22 500х1000 мм (1430 Вт),8624,9,https://www.konturterm.ru/catalog/otoplenie/radiatory/panelnye/140601/,радиатор,стальной панельный,1430
10.35-10.12.2022,ТВ3761,Радиатор Borpan стальной панельный V-22 300х1200 мм (1135 Вт),8519,21,https://www.konturterm.ru/catalog/otoplenie/radiatory/panelnye/140590/,радиатор,стальной панельный,1135
10.35-10.12.2022,СГ4772,Радиатор PURMO стальной панельный C-22 300х1100 мм (1057 Вт),8460,1,https://www.konturterm.ru/catalog/otoplenie/radiatory/panelnye/57060/,радиатор,стальной панельный,1057
10.35-10.12.2022,СГ4760,Радиатор PURMO стальной панельный C-11 900х1000 мм (1427 Вт),8460,8,https://www.konturterm.ru/catalog/otoplenie/radiatory/panelnye/139089/,радиатор,стальной панельный,1427
10.35-10.12.2022,ТВ3619,Радиатор Borpan стальной панельный V-11 600х1400 мм (1254 Вт),8445,4,https://www.konturterm.ru/catalog/otoplenie/radiatory/panelnye/140555/,радиатор,стальной панельный,1254
10.35-10.12.2022,СГ4584,Радиатор PURMO стальной панельный C-11 500х1600 мм (1389 Вт),8340,7,https://www.konturterm.ru/catalog/otoplenie/radiatory/panelnye/50633/,радиатор,стальной панельный,1389
10.35-10.12.2022,ТВ3913,Радиатор Borpan стальной панельный C-22 600х900 мм (1489 Вт),8296,17,https://www.konturterm.ru/catalog/otoplenie/radiatory/panelnye/140639/,радиатор,стальной панельный,1489
10.35-10.12.2022,СГ4797,Радиатор PURMO стальной панельный C-22 500х600 мм (882 Вт),8260,3,https://www.konturterm.ru/catalog/otoplenie/radiatory/panelnye/57069/,радиатор,стальной панельный,882
10.35-10.12.2022,СГ4869,Радиатор PURMO стальной панельный CV-11 300х1200 мм (655 Вт),8210,1,https://www.konturterm.ru/catalog/otoplenie/radiatory/panelnye/57097/,радиатор,стальной панельный,655
10.35-10.12.2022,СГ4771,Радиатор PURMO стальной панельный C-22 300х1000 мм (961 Вт),8170,1,https://www.konturterm.ru/catalog/otoplenie/radiatory/panelnye/57059/,радиатор,стальной панельный,961
10.35-10.12.2022,ТВ3811,Радиатор Borpan стальной панельный V-22 600х800 мм (1323 Вт),8124,45,https://www.konturterm.ru/catalog/otoplenie/radiatory/panelnye/140612/,радиатор,стальной панельный,1323
10.35-10.12.2022,ТВ3796,Радиатор Borpan стальной панельный V-22 500х900 мм (1287 Вт),8061,44,https://www.konturterm.ru/catalog/otoplenie/radiatory/panelnye/140600/,радиатор,стальной панельный,1287
10.35-10.12.2022,ТВ3760,Радиатор Borpan стальной панельный V-22 300х1100 мм (1041 Вт),8052,9,https://www.konturterm.ru/catalog/otoplenie/radiatory/panelnye/140589/,радиатор,стальной панельный,1041
10.35-10.12.2022,ТВ3618,Радиатор Borpan стальной панельный V-11 600х1300 мм (1165 Вт),8044,2,https://www.konturterm.ru/catalog/otoplenie/radiatory/panelnye/140554/,радиатор,стальной панельный,1165
10.35-10.12.2022,ТВ3897,Радиатор Borpan стальной панельный C-22 500х1100 мм (1573 Вт),8044,21,https://www.konturterm.ru/catalog/otoplenie/radiatory/panelnye/140630/,радиатор,стальной панельный,1573
10.35-10.12.2022,ТВ3810,Радиатор Borpan стальной панельный V-22 600х700 мм (1158 Вт),8039,34,https://www.konturterm.ru/catalog/otoplenie/radiatory/panelnye/140611/,радиатор,стальной панельный,1158
10.35-10.12.2022,СГ4750,Радиатор PURMO стальной панельный C-11 600х1400 мм (1425 Вт),7970,3,https://www.konturterm.ru/catalog/otoplenie/radiatory/panelnye/57054/,радиатор,стальной панельный,1425
10.35-10.12.2022,СГ4913,Радиатор PURMO стальной панельный CV-11 600х800 мм (814 Вт),7840,1,https://www.konturterm.ru/catalog/otoplenie/radiatory/panelnye/57118/,радиатор,стальной панельный,814
10.35-10.12.2022,СГ4912,Радиатор PURMO стальной панельный CV-11 600х700 мм (713 Вт),7750,1,https://www.konturterm.ru/catalog/otoplenie/radiatory/panelnye/57117/,радиатор,стальной панельный,713
10.35-10.12.2022,СГ4911,Радиатор PURMO стальной панельный CV-11 600х600 мм (611 Вт),7690,3,https://www.konturterm.ru/catalog/otoplenie/radiatory/panelnye/57116/,радиатор,стальной панельный,611
10.35-10.12.2022,ТВ3604,Радиатор Borpan стальной панельный V-11 500х1400 мм (1074 Вт),7646,8,https://www.konturterm.ru/catalog/otoplenie/radiatory/panelnye/140542/,радиатор,стальной панельный,1074
10.35-10.12.2022,ТВ3578,Радиатор Borpan стальной панельный V-11 300х2000 мм (988 Вт),7639,2,https://www.konturterm.ru/catalog/otoplenie/radiatory/panelnye/140532/,радиатор,стальной панельный,988
10.35-10.12.2022,ТВ3617,Радиатор Borpan стальной панельный V-11 600х1200 мм (1075 Вт),7639,17,https://www.konturterm.ru/catalog/otoplenie/radiatory/panelnye/140553/,радиатор,стальной панельный,1075
10.35-10.12.2022,СГ4583,Радиатор PURMO стальной панельный C-11 500х1400 мм (1215 Вт),7600,38,https://www.konturterm.ru/catalog/otoplenie/radiatory/panelnye/50632/,радиатор,стальной панельный,1215
10.35-10.12.2022,ТВ3759,Радиатор Borpan стальной панельный V-22 300х1000 мм (946 Вт),7581,1,https://www.konturterm.ru/catalog/otoplenie/radiatory/panelnye/140588/,радиатор,стальной панельный,946
10.35-10.12.2022,СГ4938,Радиатор PURMO стальной панельный CV-22 300х400 мм (384 Вт),7480,17,https://www.konturterm.ru/catalog/otoplenie/radiatory/panelnye/57127/,радиатор,стальной панельный,384
10.35-10.12.2022,ТВ3896,Радиатор Borpan стальной панельный C-22 500х1000 мм (1430 Вт),7477,34,https://www.konturterm.ru/catalog/otoplenie/radiatory/panelnye/140629/,радиатор,стальной панельный,1430
10.35-10.12.2022,ТВ3795,Радиатор Borpan стальной панельный V-22 500х800 мм (1144 Вт),7469,35,https://www.konturterm.ru/catalog/otoplenie/radiatory/panelnye/140599/,радиатор,стальной панельный,1144
10.35-10.12.2022,ТВ3602,Радиатор Borpan стальной панельный V-11 500х1200 мм (920 Вт),7456,24,https://www.konturterm.ru/catalog/otoplenie/radiatory/panelnye/140541/,радиатор,стальной панельный,920
10.35-10.12.2022,СГ4867,Радиатор PURMO стальной панельный CV-11 300х1000 мм (546 Вт),7440,1,https://www.konturterm.ru/catalog/otoplenie/radiatory/panelnye/57096/,радиатор,стальной панельный,546
10.35-10.12.2022,СГ3144,Радиатор SCHULTER стальной V-22 300х2000 (1710 Вт),7425,1,https://www.konturterm.ru/catalog/otoplenie/radiatory/panelnye/140069/,радиатор,стальной панельный,1710
10.35-10.12.2022,СГ4759,Радиатор PURMO стальной панельный C-11 900х800 мм (1142 Вт),7350,3,https://www.konturterm.ru/catalog/otoplenie/radiatory/panelnye/139088/,радиатор,стальной панельный,1142
10.35-10.12.2022,СГ4749,Радиатор PURMO стальной панельный C-11 600х1200 мм (1222 Вт),7230,9,https://www.konturterm.ru/catalog/otoplenie/radiatory/panelnye/57053/,радиатор,стальной панельный,1222
10.35-10.12.2022,СГ4808,Радиатор PURMO стальной панельный C-22 600х500 мм (855 Вт),7230,5,https://www.konturterm.ru/catalog/otoplenie/radiatory/panelnye/57080/,радиатор,стальной панельный,855
10.35-10.12.2022,ТВ3616,Радиатор Borpan стальной панельный V-11 600х1100 мм (986 Вт),7226,15,https://www.konturterm.ru/catalog/otoplenie/radiatory/panelnye/140552/,радиатор,стальной панельный,986
10.36-10.12.2022,ТВ3690,Радиатор Borpan стальной панельный C-11 500х1600 мм (1227 Вт),7209,4,https://www.konturterm.ru/catalog/otoplenie/radiatory/panelnye/140570/,радиатор,стальной панельный,1227
10.36-10.12.2022,ТВ3577,Радиатор Borpan стальной панельный V-11 300х1800 мм (889 Вт),7134,4,https://www.konturterm.ru/catalog/otoplenie/radiatory/panelnye/140531/,радиатор,стальной панельный,889
10.36-10.12.2022,ТВ3758,Радиатор Borpan стальной панельный V-22 300х900 мм (851 Вт),7081,2,https://www.konturterm.ru/catalog/otoplenie/radiatory/panelnye/140587/,радиатор,стальной панельный,851
10.36-10.12.2022,СГ4739,Радиатор PURMO стальной панельный C-11 500х1200 мм (1042 Вт),6990,20,https://www.konturterm.ru/catalog/otoplenie/radiatory/panelnye/57043/,радиатор,стальной панельный,1042
10.36-10.12.2022,СГ4796,Радиатор PURMO стальной панельный C-22 500х500 мм (735 Вт),6990,2,https://www.konturterm.ru/catalog/otoplenie/radiatory/panelnye/57068/,радиатор,стальной панельный,735
10.36-10.12.2022,ТВ3912,Радиатор Borpan стальной панельный C-22 600х800 мм (1323 Вт),6976,5,https://www.konturterm.ru/catalog/otoplenie/radiatory/panelnye/140638/,радиатор,стальной панельный,1323
10.36-10.12.2022,СГ4865,Радиатор PURMO стальной панельный CV-11 300х800 мм (437 Вт),6930,4,https://www.konturterm.ru/catalog/otoplenie/radiatory/panelnye/57095/,радиатор,стальной панельный,437
10.36-10.12.2022,ТВ3895,Радиатор Borpan стальной панельный C-22 500х900 мм (1287 Вт),6913,38,https://www.konturterm.ru/catalog/otoplenie/radiatory/panelnye/140628/,радиатор,стальной панельный,1287
10.36-10.12.2022,ТВ3794,Радиатор Borpan стальной панельный V-22 500х700 мм (1001 Вт),6904,13,https://www.konturterm.ru/catalog/otoplenie/radiatory/panelnye/140598/,радиатор,стальной панельный,1001
10.36-10.12.2022,СГ4748,Радиатор PURMO стальной панельный C-11 600х1100 мм (1120 Вт),6860,2,https://www.konturterm.ru/catalog/otoplenie/radiatory/panelnye/57052/,радиатор,стальной панельный,1120
10.36-10.12.2022,СГ4807,Радиатор PURMO стальной панельный C-22 600х400 мм (684 Вт),6860,8,https://www.konturterm.ru/catalog/otoplenie/radiatory/panelnye/57079/,радиатор,стальной панельный,684
10.36-10.12.2022,ТВ3911,Радиатор Borpan стальной панельный C-22 600х700 мм (1158 Вт),6853,6,https://www.konturterm.ru/catalog/otoplenie/radiatory/panelnye/140637/,радиатор,стальной панельный,1158
10.36-10.12.2022,ТВ3615,Радиатор Borpan стальной панельный V-11 600х1000 мм (896 Вт),6818,16,https://www.konturterm.ru/catalog/otoplenie/radiatory/panelnye/140551/,радиатор,стальной панельный,896
10.36-10.12.2022,ТВ3809,Радиатор Borpan стальной панельный V-22 600х600 мм (992 Вт),6776,35,https://www.konturterm.ru/catalog/otoplenie/radiatory/panelnye/140610/,радиатор,стальной панельный,992
10.36-10.12.2022,СГ4537,Радиатор PURMO стальной панельный CV-11 300х500 мм (273 Вт),6760,14,https://www.konturterm.ru/catalog/otoplenie/radiatory/panelnye/50418/,радиатор,стальной панельный,273
10.36-10.12.2022,СГ4894,Радиатор PURMO стальной панельный CV-11 500х500 мм (434 Вт ),6740,7,https://www.konturterm.ru/catalog/otoplenie/radiatory/panelnye/57103/,радиатор,стальной панельный,434
10.36-10.12.2022,СГ4909,Радиатор PURMO стальной панельный CV-11 600х400 мм (407 Вт),6740,45,https://www.konturterm.ru/catalog/otoplenie/radiatory/panelnye/57114/,радиатор,стальной панельный,407
10.36-10.12.2022,ТВ3600,Радиатор Borpan стальной панельный V-11 500х1000 мм (767 Вт),6689,8,https://www.konturterm.ru/catalog/otoplenie/radiatory/panelnye/140539/,радиатор,стальной панельный,767
10.36-10.12.2022,СГ4795,Радиатор PURMO стальной панельный C-22 500х400 мм (588 Вт),6620,6,https://www.konturterm.ru/catalog/otoplenie/radiatory/panelnye/57067/,радиатор,стальной панельный,588
10.36-10.12.2022,СГ4893,Радиатор PURMO стальной панельный CV-11 500х400 мм (347 Вт ),6620,1,https://www.konturterm.ru/catalog/otoplenie/radiatory/panelnye/57102/,радиатор,стальной панельный,347
10.36-10.12.2022,ТВ3601,Радиатор Borpan стальной панельный V-11 500х1100 мм (844 Вт),6578,17,https://www.konturterm.ru/catalog/otoplenie/radiatory/panelnye/140540/,радиатор,стальной панельный,844
10.36-10.12.2022,ТВ3710,Радиатор Borpan стальной панельный C-11 600х1100 мм (986 Вт),6577,8,https://www.konturterm.ru/catalog/otoplenie/radiatory/panelnye/140578/,радиатор,стальной панельный,986
10.36-10.12.2022,СГ4768,Радиатор PURMO стальной панельный C-22 300х600 мм (577 Вт),6550,8,https://www.konturterm.ru/catalog/otoplenie/radiatory/panelnye/57057/,радиатор,стальной панельный,577
10.36-10.12.2022,ТВ3576,Радиатор Borpan стальной панельный V-11 300х1600 мм (790 Вт),6514,3,https://www.konturterm.ru/catalog/otoplenie/radiatory/panelnye/140530/,радиатор,стальной панельный,790
10.36-10.12.2022,СГ4712,Радиатор PURMO стальной панельный C-11 300х1400 мм (764 Вт),6500,2,https://www.konturterm.ru/catalog/otoplenie/radiatory/panelnye/57035/,радиатор,стальной панельный,764
10.36-10.12.2022,СГ4738,Радиатор PURMO стальной панельный C-11 500х1100 мм (955 Вт),6500,1,https://www.konturterm.ru/catalog/otoplenie/radiatory/panelnye/57042/,радиатор,стальной панельный,955
10.36-10.12.2022,СГ4863,Радиатор PURMO стальной панельный CV-11 300х400 мм (218 Вт),6500,57,https://www.konturterm.ru/catalog/otoplenie/radiatory/panelnye/57093/,радиатор,стальной панельный,218
10.36-10.12.2022,ТВ3687,Радиатор Borpan стальной панельный C-11 500х1400 мм (1074 Вт),6499,8,https://www.konturterm.ru/catalog/otoplenie/radiatory/panelnye/140569/,радиатор,стальной панельный,1074
10.36-10.12.2022,ТВ3714,Радиатор Borpan стальной панельный C-11 600х1200 мм (1075 Вт),6491,8,https://www.konturterm.ru/catalog/otoplenie/radiatory/panelnye/140579/,радиатор,стальной панельный,1075
10.36-10.12.2022,ТВ3614,Радиатор Borpan стальной панельный V-11 600х900 мм (806 Вт),6413,13,https://www.konturterm.ru/catalog/otoplenie/radiatory/panelnye/140550/,радиатор,стальной панельный,806
10.36-10.12.2022,ТВ3894,Радиатор Borpan стальной панельный C-22 500х800 мм (1144 Вт),6321,42,https://www.konturterm.ru/catalog/otoplenie/radiatory/panelnye/140627/,радиатор,стальной панельный,1144
10.36-10.12.2022,ТВ3793,Радиатор Borpan стальной панельный V-22 500х600 мм (858 Вт),6312,13,https://www.konturterm.ru/catalog/otoplenie/radiatory/panelnye/140597/,радиатор,стальной панельный,858
10.36-10.12.2022,ТВ3703,Радиатор Borpan стальной панельный C-11 600х1000 мм (896 Вт),6138,5,https://www.konturterm.ru/catalog/otoplenie/radiatory/panelnye/140577/,радиатор,стальной панельный,896
10.36-10.12.2022,СГ4737,Радиатор PURMO стальной панельный C-11 500х1000 мм (868 Вт),6130,6,https://www.konturterm.ru/catalog/otoplenie/radiatory/panelnye/57041/,радиатор,стальной панельный,868
10.36-10.12.2022,СГ4746,Радиатор PURMO стальной панельный C-11 600х900 мм (916 Вт),6130,1,https://www.konturterm.ru/catalog/otoplenie/radiatory/panelnye/57050/,радиатор,стальной панельный,916
10.37-10.12.2022,ТВ3808,Радиатор Borpan стальной панельный V-22 600х500 мм (827 Вт),6128,22,https://www.konturterm.ru/catalog/otoplenie/radiatory/panelnye/140609/,радиатор,стальной панельный,827
10.37-10.12.2022,ТВ3910,Радиатор Borpan стальной панельный C-22 600х600 мм (992 Вт),6112,19,https://www.konturterm.ru/catalog/otoplenie/radiatory/panelnye/140636/,радиатор,стальной панельный,992
10.37-10.12.2022,ТВ3574,Радиатор Borpan стальной панельный V-11 300х1400 мм (692 Вт),6009,5,https://www.konturterm.ru/catalog/otoplenie/radiatory/panelnye/140529/,радиатор,стальной панельный,692
10.37-10.12.2022,ТВ3613,Радиатор Borpan стальной панельный V-11 600х800 мм (717 Вт),6003,27,https://www.konturterm.ru/catalog/otoplenie/radiatory/panelnye/140549/,радиатор,стальной панельный,717
10.37-10.12.2022,СГ4711,Радиатор PURMO стальной панельный C-11 300х1200 мм (655 Вт),5880,3,https://www.konturterm.ru/catalog/otoplenie/radiatory/panelnye/57034/,радиатор,стальной панельный,655
10.37-10.12.2022,СГ4736,Радиатор PURMO стальной панельный C-11 500х900 мм (781 Вт),5880,2,https://www.konturterm.ru/catalog/otoplenie/radiatory/panelnye/57040/,радиатор,стальной панельный,781
10.37-10.12.2022,ТВ3599,Радиатор Borpan стальной панельный V-11 500х900 мм (690 Вт),5871,16,https://www.konturterm.ru/catalog/otoplenie/radiatory/panelnye/140538/,радиатор,стальной панельный,690
10.37-10.12.2022,ТВ3684,Радиатор Borpan стальной панельный C-11 500х1200 мм (920 Вт),5791,22,https://www.konturterm.ru/catalog/otoplenie/radiatory/panelnye/140568/,радиатор,стальной панельный,920
10.37-10.12.2022,ТВ3893,Радиатор Borpan стальной панельный C-22 500х700 мм (1001 Вт),5756,29,https://www.konturterm.ru/catalog/otoplenie/radiatory/panelnye/140626/,радиатор,стальной панельный,1001
10.37-10.12.2022,ТВ3792,Радиатор Borpan стальной панельный V-22 500х500 мм (715 Вт),5742,33,https://www.konturterm.ru/catalog/otoplenie/radiatory/panelnye/140596/,радиатор,стальной панельный,715
10.37-10.12.2022,ТВ3756,Радиатор Borpan стальной панельный V-22 300х700 мм (662 Вт),5701,5,https://www.konturterm.ru/catalog/otoplenie/radiatory/panelnye/140585/,радиатор,стальной панельный,662
10.37-10.12.2022,СГ4506,Радиатор PURMO стальной панельный C-22 300х500 мм (481 Вт),5700,6,https://www.konturterm.ru/catalog/otoplenie/radiatory/panelnye/49927/,радиатор,стальной панельный,481
10.37-10.12.2022,ТВ3702,Радиатор Borpan стальной панельный C-11 600х900 мм (806 Вт),5699,7,https://www.konturterm.ru/catalog/otoplenie/radiatory/panelnye/140576/,радиатор,стальной панельный,806
10.37-10.12.2022,ТВ3755,Радиатор Borpan стальной панельный V-22 300х600 мм (568 Вт),5664,8,https://www.konturterm.ru/catalog/otoplenie/radiatory/panelnye/140584/,радиатор,стальной панельный,568
10.37-10.12.2022,ТВ3612,Радиатор Borpan стальной панельный V-11 600х700 мм (627 Вт),5597,15,https://www.konturterm.ru/catalog/otoplenie/radiatory/panelnye/140548/,радиатор,стальной панельный,627
10.37-10.12.2022,ТВ3598,Радиатор Borpan стальной панельный V-11 500х800 мм (614 Вт),5521,6,https://www.konturterm.ru/catalog/otoplenie/radiatory/panelnye/140537/,радиатор,стальной панельный,614
10.37-10.12.2022,ТВ3572,Радиатор Borpan стальной панельный V-11 300х1200 мм (593 Вт),5518,10,https://www.konturterm.ru/catalog/otoplenie/radiatory/panelnye/140528/,радиатор,стальной панельный,593
10.37-10.12.2022,СГ3281,Радиатор SCHULTER стальной V-11 600х1900 (1493 Вт),5439,17,https://www.konturterm.ru/catalog/otoplenie/radiatory/panelnye/140072/,радиатор,стальной панельный,1493
10.37-10.12.2022,ТВ3683,Радиатор Borpan стальной панельный C-11 500х1100 мм (844 Вт),5430,6,https://www.konturterm.ru/catalog/otoplenie/radiatory/panelnye/140567/,радиатор,стальной панельный,844
10.37-10.12.2022,ТВ3807,Радиатор Borpan стальной панельный V-22 600х400 мм (662 Вт),5413,16,https://www.konturterm.ru/catalog/otoplenie/radiatory/panelnye/140608/,радиатор,стальной панельный,662
10.37-10.12.2022,ТВ3909,Радиатор Borpan стальной панельный C-22 600х500 мм (827 Вт),5410,8,https://www.konturterm.ru/catalog/otoplenie/radiatory/panelnye/140635/,радиатор,стальной панельный,827
10.37-10.12.2022,СГ4735,Радиатор PURMO стальной панельный C-11 500х800 мм (694 Вт),5390,8,https://www.konturterm.ru/catalog/otoplenie/radiatory/panelnye/57039/,радиатор,стальной панельный,694
10.37-10.12.2022,СГ4744,Радиатор PURMO стальной панельный C-11 600х700 мм (713 Вт),5390,2,https://www.konturterm.ru/catalog/otoplenie/radiatory/panelnye/57048/,радиатор,стальной панельный,713
10.37-10.12.2022,СГ4710,Радиатор PURMO стальной панельный C-11 300х1000 мм (546 Вт),5270,2,https://www.konturterm.ru/catalog/otoplenie/radiatory/panelnye/57033/,радиатор,стальной панельный,546
10.37-10.12.2022,ТВ3571,Радиатор Borpan стальной панельный V-11 300х1100 мм (543 Вт),5270,5,https://www.konturterm.ru/catalog/otoplenie/radiatory/panelnye/140527/,радиатор,стальной панельный,543
10.37-10.12.2022,ТВ3701,Радиатор Borpan стальной панельный C-11 600х800 мм (717 Вт),5255,1,https://www.konturterm.ru/catalog/otoplenie/radiatory/panelnye/140575/,радиатор,стальной панельный,717
10.37-10.12.2022,ТВ3611,Радиатор Borpan стальной панельный V-11 600х600 мм (538 Вт),5188,23,https://www.konturterm.ru/catalog/otoplenie/radiatory/panelnye/140547/,радиатор,стальной панельный,538
10.37-10.12.2022,ТВ3892,Радиатор Borpan стальной панельный C-22 500х600 мм (858 Вт),5164,42,https://www.konturterm.ru/catalog/otoplenie/radiatory/panelnye/140625/,радиатор,стальной панельный,858
10.37-10.12.2022,ТВ3597,Радиатор Borpan стальной панельный V-11 500х700 мм (537 Вт),5161,26,https://www.konturterm.ru/catalog/otoplenie/radiatory/panelnye/140536/,радиатор,стальной панельный,537
10.37-10.12.2022,СГ4582,Радиатор PURMO стальной панельный C-11 500х700 мм (608 Вт),5150,5,https://www.konturterm.ru/catalog/otoplenie/radiatory/panelnye/50631/,радиатор,стальной панельный,608
10.37-10.12.2022,ТВ3682,Радиатор Borpan стальной панельный C-11 500х1000 мм (767 Вт),5083,15,https://www.konturterm.ru/catalog/otoplenie/radiatory/panelnye/140566/,радиатор,стальной панельный,767
10.37-10.12.2022,ТВ3791,Радиатор Borpan стальной панельный V-22 500х400 мм (572 Вт),5038,20,https://www.konturterm.ru/catalog/otoplenie/radiatory/panelnye/140595/,радиатор,стальной панельный,572
10.37-10.12.2022,СГ4742,Радиатор PURMO стальной панельный C-11 600х500 мм (509 Вт),5030,6,https://www.konturterm.ru/catalog/otoplenie/radiatory/panelnye/57046/,радиатор,стальной панельный,509
10.37-10.12.2022,ТВ3570,Радиатор Borpan стальной панельный V-11 300х1000 мм (494 Вт),5020,2,https://www.konturterm.ru/catalog/otoplenie/radiatory/panelnye/140526/,радиатор,стальной панельный,494
10.37-10.12.2022,СГ4709,Радиатор PURMO стальной панельный C-11 300х800 мм (437 Вт),4900,3,https://www.konturterm.ru/catalog/otoplenie/radiatory/panelnye/57032/,радиатор,стальной панельный,437
10.38-10.12.2022,СГ4734,Радиатор PURMO стальной панельный C-11 500х600 мм (521 Вт),4900,20,https://www.konturterm.ru/catalog/otoplenie/radiatory/panelnye/57038/,радиатор,стальной панельный,521
10.38-10.12.2022,СГ4741,Радиатор PURMO стальной панельный C-11 600х400 мм (407 Вт),4900,5,https://www.konturterm.ru/catalog/otoplenie/radiatory/panelnye/57045/,радиатор,стальной панельный,407
10.38-10.12.2022,ТВ3700,Радиатор Borpan стальной панельный C-11 600х700 мм (627 Вт),4816,1,https://www.konturterm.ru/catalog/otoplenie/radiatory/panelnye/140574/,радиатор,стальной панельный,627
10.38-10.12.2022,ТВ3596,Радиатор Borpan стальной панельный V-11 500х600 мм (460 Вт),4810,40,https://www.konturterm.ru/catalog/otoplenie/radiatory/panelnye/140535/,радиатор,стальной панельный,460
10.38-10.12.2022,ТВ3610,Радиатор Borpan стальной панельный V-11 600х500 мм (448 Вт),4781,9,https://www.konturterm.ru/catalog/otoplenie/radiatory/panelnye/140546/,радиатор,стальной панельный,448
10.38-10.12.2022,СГ4733,Радиатор PURMO стальной панельный C-11 500х500 мм (434 Вт),4780,5,https://www.konturterm.ru/catalog/otoplenie/radiatory/panelnye/57037/,радиатор,стальной панельный,434
10.38-10.12.2022,ТВ3681,Радиатор Borpan стальной панельный C-11 500х900 мм (690 Вт),4723,16,https://www.konturterm.ru/catalog/otoplenie/radiatory/panelnye/140565/,радиатор,стальной панельный,690
10.38-10.12.2022,СГ4732,Радиатор PURMO стальной панельный C-11 500х400 мм (347 Вт),4660,20,https://www.konturterm.ru/catalog/otoplenie/radiatory/panelnye/57036/,радиатор,стальной панельный,347
10.38-10.12.2022,СГ2208,Радиатор SCHULTER стальной V-33 400х 800 (1241 Вт),4657,1,https://www.konturterm.ru/catalog/otoplenie/radiatory/panelnye/140064/,радиатор,стальной панельный,1241
10.38-10.12.2022,ТВ3891,Радиатор Borpan стальной панельный C-22 500х500 мм (715 Вт),4595,24,https://www.konturterm.ru/catalog/otoplenie/radiatory/panelnye/140624/,радиатор,стальной панельный,715
10.38-10.12.2022,ТВ3753,Радиатор Borpan стальной панельный V-22 300х400 мм (378 Вт),4562,5,https://www.konturterm.ru/catalog/otoplenie/radiatory/panelnye/140582/,радиатор,стальной панельный,378
10.38-10.12.2022,СГ3531,Радиатор SCHULTER стальной V-11 600х1200 (995 Вт),4528,1,https://www.konturterm.ru/catalog/otoplenie/radiatory/panelnye/140076/,радиатор,стальной панельный,995
10.38-10.12.2022,ТВ3568,Радиатор Borpan стальной панельный V-11 300х800 мм (395 Вт),4517,5,https://www.konturterm.ru/catalog/otoplenie/radiatory/panelnye/140524/,радиатор,стальной панельный,395
10.38-10.12.2022,ТВ3595,Радиатор Borpan стальной панельный V-11 500х500 мм (384 Вт),4457,31,https://www.konturterm.ru/catalog/otoplenie/radiatory/panelnye/140534/,радиатор,стальной панельный,384
10.38-10.12.2022,СГ4708,Радиатор PURMO стальной панельный C-11 300х600 мм (328 Вт),4410,1,https://www.konturterm.ru/catalog/otoplenie/radiatory/panelnye/57031/,радиатор,стальной панельный,328
10.38-10.12.2022,СГ3869,Радиатор SCHULTER стальной V-22 400х 600 (661 Вт),4386,4,https://www.konturterm.ru/catalog/otoplenie/radiatory/panelnye/140080/,радиатор,стальной панельный,661
10.38-10.12.2022,ТВ3609,Радиатор Borpan стальной панельный V-11 600х400 мм (358 Вт),4373,11,https://www.konturterm.ru/catalog/otoplenie/radiatory/panelnye/140545/,радиатор,стальной панельный,358
10.38-10.12.2022,ТВ3680,Радиатор Borpan стальной панельный C-11 500х800 мм (614 Вт),4373,20,https://www.konturterm.ru/catalog/otoplenie/radiatory/panelnye/140564/,радиатор,стальной панельный,614
10.38-10.12.2022,ТВ3699,Радиатор Borpan стальной панельный C-11 600х600 мм (538 Вт),4373,7,https://www.konturterm.ru/catalog/otoplenie/radiatory/panelnye/140573/,радиатор,стальной панельный,538
10.38-10.12.2022,ТВ3594,Радиатор Borpan стальной панельный V-11 500х400 мм (307 Вт),4334,12,https://www.konturterm.ru/catalog/otoplenie/radiatory/panelnye/140533/,радиатор,стальной панельный,307
10.38-10.12.2022,СГ3155,Радиатор SCHULTER стальной V-33 400х 700 (1086 Вт),4288,15,https://www.konturterm.ru/catalog/otoplenie/radiatory/panelnye/140070/,радиатор,стальной панельный,1086
10.38-10.12.2022,СГ3794,Радиатор SCHULTER стальной V-22 600х 600 (935 Вт),4285,11,https://www.konturterm.ru/catalog/otoplenie/radiatory/panelnye/140079/,радиатор,стальной панельный,935
10.38-10.12.2022,ТВ3908,Радиатор Borpan стальной панельный C-22 600х400 мм (662 Вт),4266,9,https://www.konturterm.ru/catalog/otoplenie/radiatory/panelnye/140634/,радиатор,стальной панельный,662
10.38-10.12.2022,СГ3890,Радиатор SCHULTER стальной C-22 300х1200 (1026 Вт),4031,1,https://www.konturterm.ru/catalog/otoplenie/radiatory/panelnye/140081/,радиатор,стальной панельный,1026
10.38-10.12.2022,ТВ3566,Радиатор Borpan стальной панельный V-11 300х600 мм (296 Вт),4016,6,https://www.konturterm.ru/catalog/otoplenie/radiatory/panelnye/140522/,радиатор,стальной панельный,296
10.38-10.12.2022,ТВ3678,Радиатор Borpan стальной панельный C-11 500х700 мм (537 Вт),4013,9,https://www.konturterm.ru/catalog/otoplenie/radiatory/panelnye/140563/,радиатор,стальной панельный,537
10.38-10.12.2022,ТВ3698,Радиатор Borpan стальной панельный C-11 600х500 мм (448 Вт),3933,5,https://www.konturterm.ru/catalog/otoplenie/radiatory/panelnye/140572/,радиатор,стальной панельный,448
10.38-10.12.2022,СГ2251,Радиатор SCHULTER стальной V-11 400х1000 (586 Вт),3927,1,https://www.konturterm.ru/catalog/otoplenie/radiatory/panelnye/140066/,радиатор,стальной панельный,586
10.38-10.12.2022,ТВ3890,Радиатор Borpan стальной панельный C-22 500х400 мм (572 Вт),3891,7,https://www.konturterm.ru/catalog/otoplenie/radiatory/panelnye/140623/,радиатор,стальной панельный,572
10.38-10.12.2022,СГ2458,Радиатор SCHULTER стальной V-22 500х 400 (538 Вт),3796,43,https://www.konturterm.ru/catalog/otoplenie/radiatory/panelnye/140068/,радиатор,стальной панельный,538
10.38-10.12.2022,ТВ3565,Радиатор Borpan стальной панельный V-11 300х500 мм (247 Вт),3768,2,https://www.konturterm.ru/catalog/otoplenie/radiatory/panelnye/140521/,радиатор,стальной панельный,247
10.38-10.12.2022,ТВ3677,Радиатор Borpan стальной панельный C-11 500х600 мм (460 Вт),3663,8,https://www.konturterm.ru/catalog/otoplenie/radiatory/panelnye/140562/,радиатор,стальной панельный,460
10.38-10.12.2022,ТВ3675,Радиатор Borpan стальной панельный C-11 500х500 мм (384 Вт),3582,16,https://www.konturterm.ru/catalog/otoplenie/radiatory/panelnye/140561/,радиатор,стальной панельный,384
10.38-10.12.2022,СГ3442,Радиатор SCHULTER стальной V-33 400х 500 (776 Вт),3548,3,https://www.konturterm.ru/catalog/otoplenie/radiatory/panelnye/140073/,радиатор,стальной панельный,776
10.39-10.12.2022,ТВ3489,Радиатор Borpan стальной панельный V-11 300х400 мм (198 Вт),3523,13,https://www.konturterm.ru/catalog/otoplenie/radiatory/panelnye/140520/,радиатор,стальной панельный,198
10.39-10.12.2022,ТВ3697,Радиатор Borpan стальной панельный C-11 600х400 мм (358 Вт),3490,6,https://www.konturterm.ru/catalog/otoplenie/radiatory/panelnye/140571/,радиатор,стальной панельный,358
10.39-10.12.2022,СГ3508,Радиатор SCHULTER стальной V-11 600х 800 (664 Вт),3443,14,https://www.konturterm.ru/catalog/otoplenie/radiatory/panelnye/140074/,радиатор,стальной панельный,664
10.39-10.12.2022,СГ2246,Радиатор SCHULTER стальной C-11 600х1400 (1161 Вт),3438,3,https://www.konturterm.ru/catalog/otoplenie/radiatory/panelnye/140065/,радиатор,стальной панельный,1161
10.39-10.12.2022,ТВ3674,Радиатор Borpan стальной панельный C-11 500х400 мм (307 Вт),2958,10,https://www.konturterm.ru/catalog/otoplenie/radiatory/panelnye/140560/,радиатор,стальной панельный,307
10.39-10.12.2022,СГ3729,Радиатор SCHULTER стальной V-11 500х 400 (285 Вт),2880,31,https://www.konturterm.ru/catalog/otoplenie/radiatory/panelnye/140077/,радиатор,стальной панельный,285
10.39-10.12.2022,СГ2414,Радиатор SCHULTER стальной C-22 500х 400 (538 Вт),2263,1,https://www.konturterm.ru/catalog/otoplenie/radiatory/panelnye/140067/,радиатор,стальной панельный,538
10.39-10.12.2022,СГ3354,Радиатор Zehnder Charleston 3220/17 5410 Beige Quartz (3393 Вт) с креплением 3хSMB2T,154869,1,https://www.konturterm.ru/catalog/otoplenie/radiatory/stalnye_trubchatye/54040/,радиатор,стальной трубчатый,2
10.39-10.12.2022,СГ3357,Радиатор Zehnder Charleston 3030/32 V001 Beige Quartz,72699,1,https://www.konturterm.ru/catalog/otoplenie/radiatory/stalnye_trubchatye/63365/,радиатор,стальной трубчатый,1
10.39-10.12.2022,СГ2126,"Радиатор Zehnder Charleston 5055/20  1270 1/2"" RAL9016 (белый) (1820 Вт)",47934,2,https://www.konturterm.ru/catalog/otoplenie/radiatory/stalnye_trubchatye/54782/,радиатор,стальной трубчатый,1820
10.39-10.12.2022,СГ2129,"Радиатор Zehnder Charleston 3180/06 3470 1/2"" RAL9016 (белый) (996 Вт)",41805,4,https://www.konturterm.ru/catalog/otoplenie/radiatory/stalnye_trubchatye/54788/,радиатор,стальной трубчатый,996
10.39-10.12.2022,СГ3167,"Радиатор Zehnder Charleston 4075/15  1270 1/2"" RAL9016 (белый) (1455 Вт)",36411,4,https://www.konturterm.ru/catalog/otoplenie/radiatory/stalnye_trubchatye/50557/,радиатор,стальной трубчатый,1455
10.39-10.12.2022,СГ2124,"Радиатор Zehnder Charleston 3019/20  1270 1/2"" RAL9016 (белый) (400 Вт)",31287,2,https://www.konturterm.ru/catalog/otoplenie/radiatory/stalnye_trubchatye/54780/,радиатор,стальной трубчатый,400
10.39-10.12.2022,СГ2254,"Радиатор Zehnder Charleston 3035/20  1270 1/2"" RAL9016 (белый) (740 Вт)",29827,1,https://www.konturterm.ru/catalog/otoplenie/radiatory/stalnye_trubchatye/57604/,радиатор,стальной трубчатый,740
10.39-10.12.2022,СГ3735,"Радиатор Zehnder Charleston 3120/9  1270 1/2"" RAL9016 (белый) (1035 Вт)",26926,2,https://www.konturterm.ru/catalog/otoplenie/radiatory/stalnye_trubchatye/60896/,радиатор,стальной трубчатый,1035
10.39-10.12.2022,СГ2125,"Радиатор Zehnder Charleston 5055/10  1270 1/2"" RAL9016 (белый) (910 Вт)",23967,1,https://www.konturterm.ru/catalog/otoplenie/radiatory/stalnye_trubchatye/54781/,радиатор,стальной трубчатый,910
10.39-10.12.2022,СГ3392,"Радиатор Zehnder Charleston 2090/10  1270 1/2"" RAL9016 (белый) (640 Вт)",18423,2,https://www.konturterm.ru/catalog/otoplenie/radiatory/stalnye_trubchatye/54189/,радиатор,стальной трубчатый,640
10.39-10.12.2022,СГ2127,"Радиатор Zehnder Charleston 3057/10  1270 1/2"" RAL9016 (белый) (570 Вт)",18259,1,https://www.konturterm.ru/catalog/otoplenie/radiatory/stalnye_trubchatye/54783/,радиатор,стальной трубчатый,570
10.39-10.12.2022,СГ3726,"Радиатор Zehnder Charleston 3035/10  1270 1/2"" RAL9016 (белый) (370 Вт)",17084,3,https://www.konturterm.ru/catalog/otoplenie/radiatory/stalnye_trubchatye/60860/,радиатор,стальной трубчатый,370
10.39-10.12.2022,СГ2123,"Радиатор Zehnder Charleston 3019/10  1270 1/2"" RAL9016 (белый) (200 Вт)",14045,3,https://www.konturterm.ru/catalog/otoplenie/radiatory/stalnye_trubchatye/54779/,радиатор,стальной трубчатый,200
10.39-10.12.2022,СГ1817,Радиатор алюминиевый Fondital Exclusivo D3 500/100 (160 Вт) 10 секций,10890,82,https://www.konturterm.ru/catalog/otoplenie/radiatory/alyuminievye/52282/,радиатор,алюминиевый,1600
10.39-10.12.2022,СГ1779,Радиатор алюминиевый Fondital Exclusivo B4 350/100 (120 Вт) 10 секций,10890,54,https://www.konturterm.ru/catalog/otoplenie/radiatory/alyuminievye/57938/,радиатор,алюминиевый,1200
10.39-10.12.2022,СГ1811,Радиатор алюминиевый Fondital Calidor Super B4 500/100 с нижним правым подключением (170 Вт) 10 секц,10190,7,https://www.konturterm.ru/catalog/otoplenie/radiatory/alyuminievye/55434/,радиатор,алюминиевый,1700
10.39-10.12.2022,СГ1975,Радиатор алюминиевый Fondital Calidor Super B4 500/100 с нижним левым подключением (170 Вт) 10 секций,10190,23,https://www.konturterm.ru/catalog/otoplenie/radiatory/alyuminievye/61388/,радиатор,алюминиевый,1700
10.39-10.12.2022,СГ1968,Радиатор алюминиевый Konner LUX 500/80 (125 Вт) 12 секций,8990,21,https://www.konturterm.ru/catalog/otoplenie/radiatory/alyuminievye/61173/,радиатор,алюминиевый,1500
10.39-10.12.2022,СГ1977,Радиатор алюминиевый Konner LUX 500/80 (125 Вт) 10 секций,7590,24,https://www.konturterm.ru/catalog/otoplenie/radiatory/alyuminievye/61499/,радиатор,алюминиевый,1250
10.39-10.12.2022,СГ1880,Радиатор алюминиевый Konner LUX 500/100 (130 Вт) 10 секций,7490,104,https://www.konturterm.ru/catalog/otoplenie/radiatory/alyuminievye/59635/,радиатор,алюминиевый,1300
10.39-10.12.2022,СГ1795,Радиатор алюминиевый Konner LUX 200/100 (80 Вт) 12 секций,7190,21,https://www.konturterm.ru/catalog/otoplenie/radiatory/alyuminievye/54993/,радиатор,алюминиевый,960
10.40-10.12.2022,СГ1822,Радиатор алюминиевый Konner LUX 350/80 (80 Вт) 10 секций,6890,73,https://www.konturterm.ru/catalog/otoplenie/radiatory/alyuminievye/52418/,радиатор,алюминиевый,800
10.40-10.12.2022,СГ1809,"Радиатор алюминиевый  Royal Thermo Indigo 500/100 (122 Вт, 20 бар) - 10 секций",6890,10,https://www.konturterm.ru/catalog/otoplenie/radiatory/alyuminievye/55365/,радиатор,алюминиевый,200
10.40-10.12.2022,СГ1823,"Радиатор алюминиевый  Royal Thermo Revolution  350/80 (83 Вт, 20 бар) - 10 секций",6590,40,https://www.konturterm.ru/catalog/otoplenie/radiatory/alyuminievye/52438/,радиатор,алюминиевый,200
10.40-10.12.2022,СГ1780,Радиатор алюминиевый Konner LUX 200/100 (80 Вт) 10 секций,5990,85,https://www.konturterm.ru/catalog/otoplenie/radiatory/alyuminievye/58278/,радиатор,алюминиевый,800
10.40-10.12.2022,СГ1966,Радиатор алюминиевый Konner LUX 500/80 (116 Вт) 8 секций,5990,24,https://www.konturterm.ru/catalog/otoplenie/radiatory/alyuminievye/61151/,радиатор,алюминиевый,928
10.40-10.12.2022,СГ1818,Радиатор алюминиевый Fondital Exclusivo D3 500/100 (160 Вт) 5 секций,5440,13,https://www.konturterm.ru/catalog/otoplenie/radiatory/alyuminievye/52283/,радиатор,алюминиевый,800
10.40-10.12.2022,1451353,Радиатор алюминиевый Konner LUX 500/80 (125 Вт) 6 секций,4490,30,https://www.konturterm.ru/catalog/otoplenie/radiatory/alyuminievye/54336/,радиатор,алюминиевый,750
10.40-10.12.2022,ТВ1081,"Радиатор чугунный Konner ""Nostalgia"" (980 Вт) 6 СЕКЦИЙ",58038,4,https://www.konturterm.ru/catalog/otoplenie/radiatory/chugunnye/138970/,радиатор,чугунный,5880
10.40-10.12.2022,ТА7775,"Радиатор чугун. Konner Модерн 500 (кран спускник, пробки 3/4"", 140 Вт) 10 секций",18265,32,https://www.konturterm.ru/catalog/otoplenie/radiatory/chugunnye/49305/,радиатор,чугунный,1400
10.40-10.12.2022,ТА7774,"Радиатор чугун. Konner Модерн 300 (кран спускник, пробки 3/4"", 95 Вт) 10 секций",10470,55,https://www.konturterm.ru/catalog/otoplenie/radiatory/chugunnye/49304/,радиатор,чугунный,950
10.40-10.12.2022,СГ1002,яКонвектор отопительный Katherm NK 272-2750-92 ролл алюм. (773 Вт),54262,1,https://www.konturterm.ru/catalog/otoplenie/radiatory/vnutripolnye_konvektory/50630/,конвектор,внутрипольный,773
10.40-10.12.2022,СГ0719,яКонвектор отопительный Katherm NK 182-3400-92 ролл алюм. (852 Вт),49889,1,https://www.konturterm.ru/catalog/otoplenie/radiatory/vnutripolnye_konvektory/49642/,конвектор,внутрипольный,852
10.40-10.12.2022,СГ1134,яКонвектор отопительный Katherm NK 182-3600-92 ролл алюм. (907Вт),47315,1,https://www.konturterm.ru/catalog/otoplenie/radiatory/vnutripolnye_konvektory/59618/,конвектор,внутрипольный,907
10.40-10.12.2022,СГ1595,яКонвектор отопительный Katherm NK 272-2250-92 ролл алюм. (654 Вт),45806,1,https://www.konturterm.ru/catalog/otoplenie/radiatory/vnutripolnye_konvektory/60936/,конвектор,внутрипольный,654
10.40-10.12.2022,СГ0661,яКонвектор отопительный Katherm NK 182-2600-92 ролл алюм. (630Вт),42848,4,https://www.konturterm.ru/catalog/otoplenie/radiatory/vnutripolnye_konvektory/49520/,конвектор,внутрипольный,630
10.40-10.12.2022,СГ0981,яКонвектор отопительный Katherm NK 182-3200-92 ролл алюм. (796 Вт),42635,3,https://www.konturterm.ru/catalog/otoplenie/radiatory/vnutripolnye_konvektory/50126/,конвектор,внутрипольный,796
10.40-10.12.2022,СГ0993,яКонвектор отопительный Katherm NK 182-2800-92 ролл алюм. (686 Вт),39733,2,https://www.konturterm.ru/catalog/otoplenie/radiatory/vnutripolnye_konvektory/50499/,конвектор,внутрипольный,686
10.40-10.12.2022,СГ0699,яКонвектор отопительный Katherm NK 182-2400-92 ролл алюм. (575 Вт),39520,1,https://www.konturterm.ru/catalog/otoplenie/radiatory/vnutripolnye_konvektory/57904/,конвектор,внутрипольный,575
10.40-10.12.2022,СГ1594,яКонвектор отопительный Katherm NK 272-1750-92 ролл алюм. (487 Вт),37350,3,https://www.konturterm.ru/catalog/otoplenie/radiatory/vnutripolnye_konvektory/60935/,конвектор,внутрипольный,487
10.40-10.12.2022,СГ0776,яКонвектор отопительный Katherm NK 182-2200-92 ролл алюм. (519 Вт),34320,2,https://www.konturterm.ru/catalog/otoplenie/radiatory/vnutripolnye_konvektory/58346/,конвектор,внутрипольный,519
10.40-10.12.2022,СГ0623,яКонвектор отопительный Katherm NK 182-1400-92 ролл клен натур.,30949,2,https://www.konturterm.ru/catalog/otoplenie/radiatory/vnutripolnye_konvektory/57605/,конвектор,внутрипольный,92
10.40-10.12.2022,СГ0763,яКонвектор отопительный Katherm NK 182-1200-92 ролл клен натур.,29120,1,https://www.konturterm.ru/catalog/otoplenie/radiatory/vnutripolnye_konvektory/58234/,конвектор,внутрипольный,92
10.40-10.12.2022,СД1197,Конвектор внутрипольный ITTZ.090.200.2600 (693 Вт),22233,1,https://www.konturterm.ru/catalog/otoplenie/radiatory/vnutripolnye_konvektory/141046/,конвектор,внутрипольный,693
10.40-10.12.2022,ТВ6280,Конвектор внутрипольный ITTZ.090.200.2800 (752 Вт),21386,1,https://www.konturterm.ru/catalog/otoplenie/radiatory/vnutripolnye_konvektory/141052/,конвектор,внутрипольный,752
10.40-10.12.2022,СД1196,Конвектор внутрипольный ITTZ.090.200.2400 (632 Вт),20937,3,https://www.konturterm.ru/catalog/otoplenie/radiatory/vnutripolnye_konvektory/140043/,конвектор,внутрипольный,632
10.40-10.12.2022,СД1195,Конвектор внутрипольный ITTZ.090.200.2200 (571 Вт),19212,1,https://www.konturterm.ru/catalog/otoplenie/radiatory/vnutripolnye_konvektory/141045/,конвектор,внутрипольный,571
10.40-10.12.2022,СД1194,Конвектор внутрипольный ITTZ.090.200.2000 (510 Вт),18270,2,https://www.konturterm.ru/catalog/otoplenie/radiatory/vnutripolnye_konvektory/140042/,конвектор,внутрипольный,510
10.40-10.12.2022,СД1193,Конвектор внутрипольный ITTZ.090.200.1800 (451 Вт),16163,1,https://www.konturterm.ru/catalog/otoplenie/radiatory/vnutripolnye_konvektory/141044/,конвектор,внутрипольный,451
10.40-10.12.2022,СД1192,Конвектор внутрипольный ITTZ.090.200.1600 (391 Вт),15196,3,https://www.konturterm.ru/catalog/otoplenie/radiatory/vnutripolnye_konvektory/140041/,конвектор,внутрипольный,391
10.40-10.12.2022,СД1207,Решетка для конвектора SGZ-20 2600 ролл алюминий,13892,1,https://www.konturterm.ru/catalog/otoplenie/radiatory/vnutripolnye_konvektory/141051/,конвектор,внутрипольный,2600
10.41-10.12.2022,ТВ6281,Решетка для конвектора SGZ-20 2800 ролл алюминий,13600,1,https://www.konturterm.ru/catalog/otoplenie/radiatory/vnutripolnye_konvektory/141053/,конвектор,внутрипольный,2800
10.41-10.12.2022,СД1206,Решетка для конвектора SGZ-20 2400 ролл алюминий,12825,5,https://www.konturterm.ru/catalog/otoplenie/radiatory/vnutripolnye_konvektory/140047/,конвектор,внутрипольный,2400
10.41-10.12.2022,СД1205,Решетка для конвектора SGZ-20 2200 ролл алюминий,11759,1,https://www.konturterm.ru/catalog/otoplenie/radiatory/vnutripolnye_konvektory/141050/,конвектор,внутрипольный,2200
10.41-10.12.2022,СД1189,Конвектор внутрипольный ITTZ.090.200.1000 (210 Вт),11018,4,https://www.konturterm.ru/catalog/otoplenie/radiatory/vnutripolnye_konvektory/140040/,конвектор,внутрипольный,210
10.41-10.12.2022,СД1204,Решетка для конвектора SGZ-20 2000 ролл алюминий,10693,3,https://www.konturterm.ru/catalog/otoplenie/radiatory/vnutripolnye_konvektory/140046/,конвектор,внутрипольный,2000
10.41-10.12.2022,СД1203,Решетка для конвектора SGZ-20 1800 ролл алюминий,9627,3,https://www.konturterm.ru/catalog/otoplenie/radiatory/vnutripolnye_konvektory/141049/,конвектор,внутрипольный,1800
10.41-10.12.2022,СД1202,Решетка для конвектора SGZ-20 1600 ролл алюминий,8561,3,https://www.konturterm.ru/catalog/otoplenie/radiatory/vnutripolnye_konvektory/140045/,конвектор,внутрипольный,1600
10.41-10.12.2022,СД1201,Решетка для конвектора SGZ-20 1400 ролл алюминий,7494,1,https://www.konturterm.ru/catalog/otoplenie/radiatory/vnutripolnye_konvektory/141048/,конвектор,внутрипольный,1400
10.41-10.12.2022,СД1200,Решетка для конвектора SGZ-20 1200 ролл алюминий,6428,2,https://www.konturterm.ru/catalog/otoplenie/radiatory/vnutripolnye_konvektory/141047/,конвектор,внутрипольный,1200
10.41-10.12.2022,СД1199,Решетка для конвектора SGZ-20 1000 ролл алюминий,5362,4,https://www.konturterm.ru/catalog/otoplenie/radiatory/vnutripolnye_konvektory/140044/,конвектор,внутрипольный,1000
